/common/topic/description+Description
/sports/sports_team/sport+Sport
/sports/sports_team/arena_stadium+Arena
/sports/sports_team/championships+Championships
/sports/sports_team/coaches-/sports/sports_team_coach_tenure/coach+Coach-/sports/sports_team_coach_tenure/position+Coach Position-/sports/sports_team_coach_tenure/from+Coach From-/sports/sports_team_coach_tenure/to+Coach To
/sports/sports_team/founded+Founded
/sports/sports_team/league-/sports/sports_league_participation/league+Leagues
/sports/sports_team/location+Location
/sports/sports_team/roster-/sports/sports_team_roster/player+Roster-/sports/sports_team_roster/position+Roster Position-/sports/sports_team_roster/number+Roster Number-/sports/sports_team_roster/from+Roster From-/sports/sports_team_roster/to+Roster To
